year,country,counterpart_type,value,percent
2010-2014,Developing countries,Bilateral,35827594775.46,16.6
2010-2014,Developing countries,Multilateral,44408710798.1,20.6
2010-2014,Developing countries,Private,135017079442.8,62.7
2018-2022,Developing countries,Bilateral,54205330282.86,12.6
2018-2022,Developing countries,Multilateral,67726327895.31999,15.7
2018-2022,Developing countries,Private,309016876189.42004,71.7
2023-2025 (projected),Developing countries,Bilateral,76506748432.3,15.7
2023-2025 (projected),Developing countries,Multilateral,113893393172.0,23.3
2023-2025 (projected),Developing countries,Private,297518770196.0334,61.0
2010-2014,Low income,Bilateral,1077356157.44,38.6
2010-2014,Low income,Multilateral,1217279483.8600001,43.6
2010-2014,Low income,Private,499383581.74000007,17.9
2018-2022,Low income,Bilateral,1977179611.8400002,31.1
2018-2022,Low income,Multilateral,2335487630.82,36.7
2018-2022,Low income,Private,2052438331.3400002,32.2
2023-2025 (projected),Low income,Bilateral,5223347371.233334,40.0
2023-2025 (projected),Low income,Multilateral,4460019260.433333,34.1
2023-2025 (projected),Low income,Private,3389590324.2000003,25.9
2010-2014,Lower middle income,Bilateral,17814818062.6,26.7
2010-2014,Lower middle income,Multilateral,16277206948.52,24.4
2010-2014,Lower middle income,Private,32524881856.5,48.8
2018-2022,Lower middle income,Bilateral,25316898473.379997,19.4
2018-2022,Lower middle income,Multilateral,28339613895.22,21.8
2018-2022,Lower middle income,Private,76615049775.56,58.8
2023-2025 (projected),Lower middle income,Bilateral,38789378709.299995,21.9
2023-2025 (projected),Lower middle income,Multilateral,50819013883.73334,28.7
2023-2025 (projected),Lower middle income,Private,87591591876.36667,49.4
2010-2014,Upper middle income,Bilateral,12838950339.880001,9.8
2010-2014,Upper middle income,Multilateral,21699660163.739998,16.6
2010-2014,Upper middle income,Private,96170336593.18,73.6
2018-2022,Upper middle income,Bilateral,19920853446.32,7.7
2018-2022,Upper middle income,Multilateral,27248801723.239998,10.6
2018-2022,Upper middle income,Private,210904445272.4,81.7
2023-2025 (projected),Upper middle income,Bilateral,17560935046.233334,7.2
2023-2025 (projected),Upper middle income,Multilateral,40897593547.066666,16.9
2023-2025 (projected),Upper middle income,Private,184243988469.06665,75.9
2010-2014,Africa,Bilateral,6155910264.66,8.5
2010-2014,Africa,Bilateral,12315537564.888332,17.0
2010-2014,Africa,Multilateral,5239671354.780001,7.2
2010-2014,Africa,Multilateral,10482409397.59,14.4
2010-2014,Africa,Private,12783156230.16,17.6
2010-2014,Africa,Private,25592148103.368332,35.3
2018-2022,Africa,Bilateral,12992475919.14,7.2
2018-2022,Africa,Bilateral,25984951838.28,14.4
2018-2022,Africa,Multilateral,12282204670.079998,6.8
2018-2022,Africa,Multilateral,24632792838.199997,13.6
2018-2022,Africa,Private,34929373615.14,19.3
2018-2022,Africa,Private,69877291346.79666,38.7
2023-2025 (projected),Africa,Bilateral,19420135250.233334,7.9
2023-2025 (projected),Africa,Bilateral,38840270500.46667,15.8
2023-2025 (projected),Africa,Multilateral,20213465814.733334,8.2
2023-2025 (projected),Africa,Multilateral,40426931629.46667,16.5
2023-2025 (projected),Africa,Private,42088945092.5,17.2
2023-2025 (projected),Africa,Private,84186068873.90001,34.3
2010-2014,Europe,Bilateral,2202061480.7,5.8
2010-2014,Europe,Multilateral,3783471035.0800004,9.9
2010-2014,Europe,Private,32080583648.659996,84.3
2018-2022,Europe,Bilateral,3408293562.7200003,5.4
2018-2022,Europe,Multilateral,3880441906.3,6.2
2018-2022,Europe,Private,55274142537.68001,88.3
2023-2025 (projected),Europe,Bilateral,4659777799.366667,11.1
2023-2025 (projected),Europe,Multilateral,5501758131.166667,13.1
2023-2025 (projected),Europe,Private,31692009626.833332,75.7
2010-2014,Asia,Bilateral,19011980616.64,25.7
2010-2014,Asia,Multilateral,16134076093.9,21.8
2010-2014,Asia,Private,38842244668.840004,52.5
2018-2022,Asia,Bilateral,23113326280.239998,14.8
2018-2022,Asia,Multilateral,25711588554.88,16.4
2018-2022,Asia,Private,107663215477.01999,68.8
2023-2025 (projected),Asia,Bilateral,30648230102.633335,14.8
2023-2025 (projected),Asia,Multilateral,44274565768.73334,21.3
2023-2025 (projected),Asia,Private,132461422055.93333,63.9
2010-2014,America,Bilateral,4309067688.64,6.8
2010-2014,America,Multilateral,13949440601.52,21.9
2010-2014,America,Private,45430757970.44,71.3
2018-2022,America,Bilateral,7484679260.06,6.5
2018-2022,America,Multilateral,15882967665.179998,13.8
2018-2022,America,Private,91384809402.12,79.6
2023-2025 (projected),America,Bilateral,6474336075.599999,6.4
2023-2025 (projected),America,Multilateral,25731002903.733334,25.4
2023-2025 (projected),America,Private,68926655363.7,68.2
2010-2014,Oceania,Bilateral,52104509.28,26.4
2010-2014,Oceania,Multilateral,87487510.84,44.3
2010-2014,Oceania,Private,57859513.32000001,29.3
2018-2022,Oceania,Bilateral,216156509.38000003,30.7
2018-2022,Oceania,Multilateral,166700452.84,23.7
2018-2022,Oceania,Private,320392347.34000003,45.6
2023-2025 (projected),Oceania,Bilateral,371181898.93333334,42.0
2023-2025 (projected),Oceania,Multilateral,455834072.8666666,51.6
2023-2025 (projected),Oceania,Private,56138530.666666664,6.4
2010-2014,Afghanistan,Bilateral,1983333.3,14.3
2010-2014,Afghanistan,Multilateral,11856375.48,85.7
2018-2022,Afghanistan,Bilateral,2832255.9000000004,10.8
2018-2022,Afghanistan,Multilateral,23381947.34,89.2
2023-2025 (projected),Afghanistan,Bilateral,67168610.8,54.3
2023-2025 (projected),Afghanistan,Multilateral,56452215.06666666,45.7
2010-2014,Albania,Bilateral,54602847.220000006,21.3
2010-2014,Albania,Multilateral,93757561.7,36.7
2010-2014,Albania,Private,107455540.26000002,42.0
2018-2022,Albania,Bilateral,70461438.1,13.8
2018-2022,Albania,Multilateral,211364842.76,41.5
2018-2022,Albania,Private,227705775.32,44.7
2023-2025 (projected),Albania,Bilateral,99926157.53333335,12.9
2023-2025 (projected),Albania,Multilateral,339819235.8666667,43.9
2023-2025 (projected),Albania,Private,333591662.93333334,43.1
2010-2014,Algeria,Bilateral,275490890.52,66.8
2010-2014,Algeria,Multilateral,2642452.12,0.6
2010-2014,Algeria,Private,134534160.5,32.6
2018-2022,Algeria,Bilateral,79276432.38000001,65.0
2018-2022,Algeria,Multilateral,35982246.48,29.5
2018-2022,Algeria,Private,6723057.180000002,5.5
2023-2025 (projected),Algeria,Bilateral,22669800.46666667,24.5
2023-2025 (projected),Algeria,Multilateral,69685887.8,75.5
2010-2014,Angola,Bilateral,566535748.62,13.2
2010-2014,Angola,Multilateral,20689885.64,0.5
2010-2014,Angola,Private,3692720992.1,86.3
2018-2022,Angola,Bilateral,1185522833.28,13.5
2018-2022,Angola,Multilateral,172065588.88,2.0
2018-2022,Angola,Private,7405169740.32,84.5
2023-2025 (projected),Angola,Bilateral,2252488033.0666666,19.2
2023-2025 (projected),Angola,Multilateral,468745230.7,4.0
2023-2025 (projected),Angola,Private,9011121901.966667,76.8
2010-2014,Argentina,Bilateral,496412115.7,6.2
2010-2014,Argentina,Multilateral,2248127127.06,28.0
2010-2014,Argentina,Private,5292602083.38,65.9
2018-2022,Argentina,Bilateral,1158134893.8600001,7.3
2018-2022,Argentina,Multilateral,2570514908.3,16.2
2018-2022,Argentina,Private,12152722364.64,76.5
2023-2025 (projected),Argentina,Bilateral,1604867123.8,10.5
2023-2025 (projected),Argentina,Multilateral,3736065158.7333336,24.4
2023-2025 (projected),Argentina,Private,9960996429.666666,65.1
2010-2014,Armenia,Bilateral,130040663.53999999,73.0
2010-2014,Armenia,Multilateral,39553106.980000004,22.2
2010-2014,Armenia,Private,8521143.42,4.8
2018-2022,Armenia,Bilateral,96281484.3,20.5
2018-2022,Armenia,Multilateral,198015312.4,42.2
2018-2022,Armenia,Private,174737240.7,37.3
2023-2025 (projected),Armenia,Bilateral,160375467.7,22.1
2023-2025 (projected),Armenia,Multilateral,316938511.59999996,43.7
2023-2025 (projected),Armenia,Private,247643037.76666665,34.2
2010-2014,Azerbaijan,Bilateral,108068201.24000001,21.2
2010-2014,Azerbaijan,Multilateral,176201645.02,34.5
2010-2014,Azerbaijan,Private,225840426.6,44.3
2018-2022,Azerbaijan,Bilateral,172028775.9,10.5
2018-2022,Azerbaijan,Multilateral,824300763.0600001,50.1
2018-2022,Azerbaijan,Private,648718820.6,39.4
2023-2025 (projected),Azerbaijan,Bilateral,91910476.73333333,4.3
2023-2025 (projected),Azerbaijan,Multilateral,895083376.8000001,41.6
2023-2025 (projected),Azerbaijan,Private,1162371768.3333333,54.1
2010-2014,Bangladesh,Bilateral,415644766.96,31.8
2010-2014,Bangladesh,Multilateral,849730010.98,64.9
2010-2014,Bangladesh,Private,43025412.86,3.3
2018-2022,Bangladesh,Bilateral,524247342.98,22.2
2018-2022,Bangladesh,Multilateral,1403167685.26,59.4
2018-2022,Bangladesh,Private,434483524.38,18.4
2023-2025 (projected),Bangladesh,Bilateral,2257064836.933333,38.9
2023-2025 (projected),Bangladesh,Multilateral,2869339267.5,49.4
2023-2025 (projected),Bangladesh,Private,682520869.7666667,11.7
2010-2014,Belarus,Bilateral,795402212.38,38.9
2010-2014,Belarus,Multilateral,343892899.9,16.8
2010-2014,Belarus,Private,905700257.24,44.3
2018-2022,Belarus,Bilateral,2052820022.14,57.0
2018-2022,Belarus,Multilateral,566082695.34,15.7
2018-2022,Belarus,Private,983878438.74,27.3
2023-2025 (projected),Belarus,Bilateral,2742783304.133333,70.2
2023-2025 (projected),Belarus,Multilateral,608175332.6999999,15.6
2023-2025 (projected),Belarus,Private,555012163.1,14.2
2010-2014,Belize,Bilateral,19607964.04,21.1
2010-2014,Belize,Multilateral,25883267.979999997,27.9
2010-2014,Belize,Private,47312780.6,51.0
2018-2022,Belize,Bilateral,14722243.540000001,7.8
2018-2022,Belize,Multilateral,45127691.06,24.0
2018-2022,Belize,Private,128055000.0,68.1
2023-2025 (projected),Belize,Bilateral,52151594.93333334,36.4
2023-2025 (projected),Belize,Multilateral,68821814.10000001,48.0
2023-2025 (projected),Belize,Private,22445689.566666663,15.7
2010-2014,Benin,Bilateral,17373369.18,30.0
2010-2014,Benin,Multilateral,40594849.339999996,70.0
2018-2022,Benin,Bilateral,38247373.98,9.1
2018-2022,Benin,Multilateral,136030673.66,32.4
2018-2022,Benin,Private,245082520.06,58.4
2023-2025 (projected),Benin,Bilateral,149617203.5,19.0
2023-2025 (projected),Benin,Multilateral,237372270.13333336,30.2
2023-2025 (projected),Benin,Private,399550650.5,50.8
2010-2014,Bhutan,Bilateral,80141971.12,85.7
2010-2014,Bhutan,Multilateral,11469946.5,12.3
2010-2014,Bhutan,Private,1873923.7399999998,2.0
2018-2022,Bhutan,Bilateral,48219397.1,57.7
2018-2022,Bhutan,Multilateral,28720807.860000003,34.4
2018-2022,Bhutan,Private,6616349.4,7.9
2023-2025 (projected),Bhutan,Bilateral,213052688.1,80.3
2023-2025 (projected),Bhutan,Multilateral,46805573.23333333,17.6
2023-2025 (projected),Bhutan,Private,5620448.699999999,2.1
2010-2014,Bolivia,Bilateral,84387402.12,25.9
2010-2014,Bolivia,Multilateral,208007710.14000002,63.9
2010-2014,Bolivia,Private,33022277.860000003,10.1
2018-2022,Bolivia,Bilateral,98583961.3,10.1
2018-2022,Bolivia,Multilateral,606264725.96,62.0
2018-2022,Bolivia,Private,272608991.7,27.9
2023-2025 (projected),Bolivia,Bilateral,147855082.9,10.9
2023-2025 (projected),Bolivia,Multilateral,1022761428.7000002,75.6
2023-2025 (projected),Bolivia,Private,182080166.76666665,13.5
2010-2014,Bosnia and Herzegovina,Bilateral,37455651.08,15.1
2010-2014,Bosnia and Herzegovina,Multilateral,157888901.42,63.9
2010-2014,Bosnia and Herzegovina,Private,51929411.62,21.0
2018-2022,Bosnia and Herzegovina,Bilateral,83526925.25999999,18.5
2018-2022,Bosnia and Herzegovina,Multilateral,328573905.74,72.8
2018-2022,Bosnia and Herzegovina,Private,38948159.64,8.6
2023-2025 (projected),Bosnia and Herzegovina,Bilateral,108909833.3,16.6
2023-2025 (projected),Bosnia and Herzegovina,Multilateral,464292943.1333334,70.9
2023-2025 (projected),Bosnia and Herzegovina,Private,81298954.16666667,12.4
2010-2014,Botswana,Bilateral,20675125.66,23.2
2010-2014,Botswana,Multilateral,67746061.92,76.2
2010-2014,Botswana,Private,510666.6666666667,0.6
2018-2022,Botswana,Bilateral,11704261.64,6.9
2018-2022,Botswana,Multilateral,152219679.16,89.2
2018-2022,Botswana,Private,6794000.0,4.0
2023-2025 (projected),Botswana,Bilateral,3921916.433333333,1.7
2023-2025 (projected),Botswana,Multilateral,229597410.9,98.3
2010-2014,Brazil,Bilateral,970495118.1,5.8
2010-2014,Brazil,Multilateral,3922188886.4,23.4
2010-2014,Brazil,Private,11834819317.54,70.8
2018-2022,Brazil,Bilateral,2679735576.02,8.0
2018-2022,Brazil,Multilateral,3291133729.02,9.9
2018-2022,Brazil,Private,27390902803.0,82.1
2023-2025 (projected),Brazil,Bilateral,1407139096.533333,6.2
2023-2025 (projected),Brazil,Multilateral,4471056161.933333,19.8
2023-2025 (projected),Brazil,Private,16733290033.300001,74.0
2010-2014,Bulgaria,Bilateral,91417139.8,12.5
2010-2014,Bulgaria,Multilateral,256760652.56000003,35.2
2010-2014,Bulgaria,Private,380637702.41999996,52.2
2018-2022,Bulgaria,Bilateral,47378819.4,5.7
2018-2022,Bulgaria,Multilateral,292692617.04,35.2
2018-2022,Bulgaria,Private,491586953.96000004,59.1
2023-2025 (projected),Bulgaria,Bilateral,13231800.033333333,0.7
2023-2025 (projected),Bulgaria,Multilateral,351224954.46666664,19.4
2023-2025 (projected),Bulgaria,Private,1447188287.1666667,79.9
2010-2014,Burkina Faso,Bilateral,21881114.16,32.2
2010-2014,Burkina Faso,Multilateral,42318002.8,62.3
2010-2014,Burkina Faso,Private,3727181.2,5.5
2018-2022,Burkina Faso,Bilateral,27353339.419999998,19.4
2018-2022,Burkina Faso,Multilateral,111908433.16,79.2
2018-2022,Burkina Faso,Private,2079362.1800000002,1.5
2023-2025 (projected),Burkina Faso,Bilateral,63134900.333333336,17.2
2023-2025 (projected),Burkina Faso,Multilateral,268319560.33333334,73.1
2023-2025 (projected),Burkina Faso,Private,35392659.63333333,9.6
2010-2014,Burundi,Bilateral,1650351.44,15.0
2010-2014,Burundi,Multilateral,9344927.32,85.0
2018-2022,Burundi,Bilateral,3699769.5799999996,20.3
2018-2022,Burundi,Multilateral,14517518.64,79.7
2023-2025 (projected),Burundi,Bilateral,21008099.333333332,36.4
2023-2025 (projected),Burundi,Multilateral,36647078.699999996,63.6
2010-2014,Cabo Verde,Bilateral,9026809.32,25.1
2010-2014,Cabo Verde,Multilateral,22430945.04,62.3
2010-2014,Cabo Verde,Private,4555901.779999999,12.7
2018-2022,Cabo Verde,Bilateral,15477193.319999998,23.6
2018-2022,Cabo Verde,Multilateral,40737803.92,62.2
2018-2022,Cabo Verde,Private,9232283.34,14.1
2023-2025 (projected),Cabo Verde,Bilateral,46468294.6,31.1
2023-2025 (projected),Cabo Verde,Multilateral,57280017.666666664,38.3
2023-2025 (projected),Cabo Verde,Private,45756593.46666667,30.6
2010-2014,Cambodia,Bilateral,37090772.4,39.0
2010-2014,Cambodia,Multilateral,57915959.94,61.0
2018-2022,Cambodia,Bilateral,254883874.1,70.9
2018-2022,Cambodia,Multilateral,104614987.36,29.1
2023-2025 (projected),Cambodia,Bilateral,541121897.1,75.3
2023-2025 (projected),Cambodia,Multilateral,177805954.5666667,24.7
2010-2014,Cameroon,Bilateral,156425737.2,72.1
2010-2014,Cameroon,Multilateral,50737730.9,23.4
2010-2014,Cameroon,Private,9831750.760000002,4.5
2018-2022,Cameroon,Bilateral,424944989.12,45.4
2018-2022,Cameroon,Multilateral,190567598.06,20.4
2018-2022,Cameroon,Private,319774689.58000004,34.2
2023-2025 (projected),Cameroon,Bilateral,859520232.1999999,49.4
2023-2025 (projected),Cameroon,Multilateral,586034993.6,33.7
2023-2025 (projected),Cameroon,Private,294320591.53333336,16.9
2010-2014,Central African Republic,Bilateral,2072850.86,52.4
2010-2014,Central African Republic,Multilateral,944714.4,23.9
2010-2014,Central African Republic,Private,934988.55,23.7
2018-2022,Central African Republic,Bilateral,3722348.4200000004,37.3
2018-2022,Central African Republic,Multilateral,4849902.18,48.6
2018-2022,Central African Republic,Private,1406130.8666666665,14.1
2023-2025 (projected),Central African Republic,Bilateral,17207041.133333333,69.9
2023-2025 (projected),Central African Republic,Multilateral,7414633.766666667,30.1
2010-2014,Chad,Bilateral,29126309.72,15.8
2010-2014,Chad,Multilateral,62757138.120000005,34.1
2010-2014,Chad,Private,92249622.32000001,50.1
2018-2022,Chad,Bilateral,38836266.239999995,18.8
2018-2022,Chad,Multilateral,33265799.24,16.1
2018-2022,Chad,Private,134417000.0,65.1
2023-2025 (projected),Chad,Bilateral,126446756.06666666,31.3
2023-2025 (projected),Chad,Multilateral,136692525.63333333,33.8
2023-2025 (projected),Chad,Private,141306666.66666666,34.9
2010-2014,China,Bilateral,4006979297.5,30.7
2010-2014,China,Multilateral,3304382378.7400002,25.3
2010-2014,China,Private,5741768287.1,44.0
2018-2022,China,Bilateral,2559722326.94,6.2
2018-2022,China,Multilateral,3467864673.1,8.3
2018-2022,China,Private,35526444440.44,85.5
2023-2025 (projected),China,Bilateral,901613284.5333333,1.5
2023-2025 (projected),China,Multilateral,4978386710.233334,8.4
2023-2025 (projected),China,Private,53625560079.9,90.1
2010-2014,Colombia,Bilateral,117179242.52000001,2.5
2010-2014,Colombia,Multilateral,1638201780.4,34.8
2010-2014,Colombia,Private,2954348641.02,62.7
2018-2022,Colombia,Bilateral,624799782.9,6.5
2018-2022,Colombia,Multilateral,1870802335.28,19.5
2018-2022,Colombia,Private,7111146059.139999,74.0
2023-2025 (projected),Colombia,Bilateral,817009640.6333333,8.2
2023-2025 (projected),Colombia,Multilateral,2967587138.7666664,29.8
2023-2025 (projected),Colombia,Private,6158270825.733334,61.9
2010-2014,Comoros,Bilateral,379487.1,10.3
2010-2014,Comoros,Multilateral,3312996.56,89.7
2018-2022,Comoros,Bilateral,1824557.8199999998,78.3
2018-2022,Comoros,Multilateral,505747.7,21.7
2023-2025 (projected),Comoros,Bilateral,7964887.366666667,25.7
2023-2025 (projected),Comoros,Multilateral,10856785.666666666,35.0
2023-2025 (projected),Comoros,Private,12176187.1,39.3
2010-2014,Congo Republic,Bilateral,76324370.24000001,28.8
2010-2014,Congo Republic,Multilateral,18160865.78,6.8
2010-2014,Congo Republic,Private,170641443.04000002,64.4
2018-2022,Congo Republic,Bilateral,242962042.84,43.2
2018-2022,Congo Republic,Multilateral,108439584.78,19.3
2018-2022,Congo Republic,Private,211159880.35999998,37.5
2023-2025 (projected),Congo Republic,Bilateral,324093306.2333333,37.7
2023-2025 (projected),Congo Republic,Multilateral,108819615.7,12.6
2023-2025 (projected),Congo Republic,Private,427436303.73333335,49.7
2010-2014,Costa Rica,Bilateral,63909880.120000005,6.6
2010-2014,Costa Rica,Multilateral,377011261.44,38.8
2010-2014,Costa Rica,Private,531244368.4,54.6
2018-2022,Costa Rica,Bilateral,42246339.28,2.8
2018-2022,Costa Rica,Multilateral,554983497.04,36.5
2018-2022,Costa Rica,Private,923136000.0,60.7
2023-2025 (projected),Costa Rica,Bilateral,37970165.06666667,2.0
2023-2025 (projected),Costa Rica,Multilateral,928673719.6666666,48.6
2023-2025 (projected),Costa Rica,Private,942621333.2999998,49.4
2010-2014,Cote d'Ivoire,Bilateral,262235219.21999997,56.2
2010-2014,Cote d'Ivoire,Multilateral,99530403.86,21.3
2010-2014,Cote d'Ivoire,Private,105052616.7,22.5
2018-2022,Cote d'Ivoire,Bilateral,433411455.6,26.0
2018-2022,Cote d'Ivoire,Multilateral,161754923.3,9.7
2018-2022,Cote d'Ivoire,Private,1074889273.06,64.4
2023-2025 (projected),Cote d'Ivoire,Bilateral,653739426.4666667,21.2
2023-2025 (projected),Cote d'Ivoire,Multilateral,454330169.3666666,14.7
2023-2025 (projected),Cote d'Ivoire,Private,1981237317.2,64.1
2010-2014,DR Congo,Bilateral,56907416.8,20.5
2010-2014,DR Congo,Multilateral,214706846.72000003,77.2
2010-2014,DR Congo,Private,6371764.0,2.3
2018-2022,DR Congo,Bilateral,133295676.41999999,28.1
2018-2022,DR Congo,Multilateral,322755152.88,68.0
2018-2022,DR Congo,Private,18261800.0,3.9
2023-2025 (projected),DR Congo,Bilateral,481867487.2,72.7
2023-2025 (projected),DR Congo,Multilateral,156906923.33333334,23.7
2023-2025 (projected),DR Congo,Private,24351566.700000003,3.7
2010-2014,Djibouti,Bilateral,12051655.12,33.1
2010-2014,Djibouti,Multilateral,20974151.98,57.7
2010-2014,Djibouti,Private,3356065.1799999997,9.2
2018-2022,Djibouti,Bilateral,21880178.36,39.5
2018-2022,Djibouti,Multilateral,33515016.0,60.5
2023-2025 (projected),Djibouti,Bilateral,230469227.63333336,78.9
2023-2025 (projected),Djibouti,Multilateral,61683923.5,21.1
2010-2014,Dominica,Bilateral,4493431.66,27.3
2010-2014,Dominica,Multilateral,8300220.82,50.4
2010-2014,Dominica,Private,3676515.8200000003,22.3
2018-2022,Dominica,Bilateral,7346389.42,28.9
2018-2022,Dominica,Multilateral,11672390.64,45.9
2018-2022,Dominica,Private,6426518.74,25.3
2023-2025 (projected),Dominica,Bilateral,9453013.4,27.5
2023-2025 (projected),Dominica,Multilateral,15189492.266666668,44.2
2023-2025 (projected),Dominica,Private,9708258.933333334,28.3
2010-2014,Dominican Republic,Bilateral,309628543.5,23.2
2010-2014,Dominican Republic,Multilateral,379892104.5,28.4
2010-2014,Dominican Republic,Private,647346414.1800001,48.4
2018-2022,Dominican Republic,Bilateral,170998364.94,6.4
2018-2022,Dominican Republic,Multilateral,417911808.56,15.7
2018-2022,Dominican Republic,Private,2066379041.52,77.8
2023-2025 (projected),Dominican Republic,Bilateral,194821824.20000002,6.1
2023-2025 (projected),Dominican Republic,Multilateral,774411840.4666667,24.1
2023-2025 (projected),Dominican Republic,Private,2250013987.233333,69.9
2010-2014,Ecuador,Bilateral,751497197.1,47.0
2010-2014,Ecuador,Multilateral,693071453.3,43.4
2010-2014,Ecuador,Private,154073460.14000002,9.6
2018-2022,Ecuador,Bilateral,1586937139.56,34.5
2018-2022,Ecuador,Multilateral,1142083247.04,24.9
2018-2022,Ecuador,Private,1865426135.2599998,40.6
2023-2025 (projected),Ecuador,Bilateral,1094130873.3666666,29.3
2023-2025 (projected),Ecuador,Multilateral,1824302572.5,48.8
2023-2025 (projected),Ecuador,Private,816585907.5666666,21.9
2010-2014,Egypt,Bilateral,1873811842.9,50.5
2010-2014,Egypt,Multilateral,912901490.0799999,24.6
2010-2014,Egypt,Private,926582480.4200001,25.0
2018-2022,Egypt,Bilateral,4300730581.9800005,36.6
2018-2022,Egypt,Multilateral,3172963293.0,27.0
2018-2022,Egypt,Private,4284712902.72,36.4
2023-2025 (projected),Egypt,Bilateral,2698441989.266667,17.3
2023-2025 (projected),Egypt,Multilateral,4553657905.8,29.2
2023-2025 (projected),Egypt,Private,8330163981.0,53.5
2010-2014,El Salvador,Bilateral,56378283.9,6.4
2010-2014,El Salvador,Multilateral,472367318.14,53.5
2010-2014,El Salvador,Private,354408418.48,40.1
2018-2022,El Salvador,Bilateral,62370392.04,4.5
2018-2022,El Salvador,Multilateral,540147185.88,39.4
2018-2022,El Salvador,Private,769591524.96,56.1
2023-2025 (projected),El Salvador,Bilateral,45505008.0,2.9
2023-2025 (projected),El Salvador,Multilateral,737127437.0666666,47.6
2023-2025 (projected),El Salvador,Private,764966705.4666667,49.4
2010-2014,Eritrea,Bilateral,39675201.5,72.8
2010-2014,Eritrea,Multilateral,14850583.780000001,27.2
2018-2022,Eritrea,Bilateral,15695215.0,73.8
2018-2022,Eritrea,Multilateral,5581737.92,26.2
2023-2025 (projected),Eritrea,Bilateral,10632087.866666665,30.2
2023-2025 (projected),Eritrea,Multilateral,24542150.433333334,69.8
2010-2014,Eswatini,Bilateral,10126229.64,23.4
2010-2014,Eswatini,Multilateral,29972811.72,69.2
2010-2014,Eswatini,Private,3234880.3600000003,7.5
2018-2022,Eswatini,Bilateral,25665245.619999997,46.5
2018-2022,Eswatini,Multilateral,27268488.619999997,49.4
2018-2022,Eswatini,Private,2296685.98,4.2
2023-2025 (projected),Eswatini,Bilateral,29378597.766666666,32.8
2023-2025 (projected),Eswatini,Multilateral,58961293.199999996,65.9
2023-2025 (projected),Eswatini,Private,1191629.5,1.3
2010-2014,Ethiopia,Bilateral,113079175.24000001,24.1
2010-2014,Ethiopia,Multilateral,74232688.42,15.8
2010-2014,Ethiopia,Private,282186593.5,60.1
2018-2022,Ethiopia,Bilateral,641801387.84,33.2
2018-2022,Ethiopia,Multilateral,244792620.16,12.7
2018-2022,Ethiopia,Private,1043847652.86,54.1
2023-2025 (projected),Ethiopia,Bilateral,1221478997.2666667,37.4
2023-2025 (projected),Ethiopia,Multilateral,574023772.6666666,17.6
2023-2025 (projected),Ethiopia,Private,1474042918.7333333,45.1
2010-2014,Fiji,Bilateral,9814429.78,14.0
2010-2014,Fiji,Multilateral,10521347.82,15.0
2010-2014,Fiji,Private,49875100.0,71.0
2018-2022,Fiji,Bilateral,57516550.94,36.5
2018-2022,Fiji,Multilateral,22368363.880000003,14.2
2018-2022,Fiji,Private,77708333.33333333,49.3
2023-2025 (projected),Fiji,Bilateral,36247703.06666667,24.8
2023-2025 (projected),Fiji,Multilateral,110136096.7,75.2
2010-2014,Gabon,Bilateral,93255045.14,15.7
2010-2014,Gabon,Multilateral,68034972.78,11.5
2010-2014,Gabon,Private,431700525.6,72.8
2018-2022,Gabon,Bilateral,129596816.75999999,14.7
2018-2022,Gabon,Multilateral,146259733.1,16.6
2018-2022,Gabon,Private,604593451.72,68.7
2023-2025 (projected),Gabon,Bilateral,235365749.76666665,24.6
2023-2025 (projected),Gabon,Multilateral,225891802.0666667,23.7
2023-2025 (projected),Gabon,Private,493798140.23333335,51.7
2010-2014,Gambia,Bilateral,12689289.52,41.7
2010-2014,Gambia,Multilateral,15239128.34,50.1
2010-2014,Gambia,Private,2485694.9,8.2
2018-2022,Gambia,Bilateral,8386564.779999999,24.4
2018-2022,Gambia,Multilateral,23736329.54,69.2
2018-2022,Gambia,Private,2200303.08,6.4
2023-2025 (projected),Gambia,Bilateral,36053751.53333333,35.2
2023-2025 (projected),Gambia,Multilateral,66278561.4,64.8
2010-2014,Georgia,Bilateral,48911736.4,13.6
2010-2014,Georgia,Multilateral,58997464.52,16.4
2010-2014,Georgia,Private,252898621.11999997,70.1
2018-2022,Georgia,Bilateral,88017869.8,12.3
2018-2022,Georgia,Multilateral,257167356.7,35.9
2018-2022,Georgia,Private,371645043.65999997,51.8
2023-2025 (projected),Georgia,Bilateral,125904720.96666665,19.2
2023-2025 (projected),Georgia,Multilateral,488269911.4666667,74.4
2023-2025 (projected),Georgia,Private,41965704.6,6.4
2010-2014,Ghana,Bilateral,169229488.56,37.3
2010-2014,Ghana,Multilateral,59059378.02,13.0
2010-2014,Ghana,Private,226000836.63999996,49.7
2018-2022,Ghana,Bilateral,475687175.28000003,19.9
2018-2022,Ghana,Multilateral,170416190.35999998,7.1
2018-2022,Ghana,Private,1746826668.6,73.0
2023-2025 (projected),Ghana,Bilateral,598222975.6999999,19.5
2023-2025 (projected),Ghana,Multilateral,464478271.6666667,15.2
2023-2025 (projected),Ghana,Private,1997934594.8666668,65.3
2010-2014,Grenada,Bilateral,4511815.720000001,20.6
2010-2014,Grenada,Multilateral,12189342.059999999,55.5
2010-2014,Grenada,Private,5250825.0,23.9
2018-2022,Grenada,Bilateral,9766243.84,20.5
2018-2022,Grenada,Multilateral,19189006.380000003,40.3
2018-2022,Grenada,Private,18685535.54,39.2
2023-2025 (projected),Grenada,Bilateral,17293449.1,31.7
2023-2025 (projected),Grenada,Multilateral,21859338.400000002,40.1
2023-2025 (projected),Grenada,Private,15422756.666666666,28.3
2010-2014,Guatemala,Bilateral,34280980.0,5.0
2010-2014,Guatemala,Multilateral,452257122.21999997,65.6
2010-2014,Guatemala,Private,202674894.85999998,29.4
2018-2022,Guatemala,Bilateral,67973661.24,6.9
2018-2022,Guatemala,Multilateral,542049046.74,54.7
2018-2022,Guatemala,Private,381276033.15999997,38.5
2023-2025 (projected),Guatemala,Bilateral,33612623.4,3.4
2023-2025 (projected),Guatemala,Multilateral,635740869.3666667,64.9
2023-2025 (projected),Guatemala,Private,310729843.1666667,31.7
2010-2014,Guinea,Bilateral,15974683.059999999,19.2
2010-2014,Guinea,Multilateral,67197851.72,80.8
2018-2022,Guinea,Bilateral,61191972.98,48.1
2018-2022,Guinea,Multilateral,46526387.160000004,36.5
2018-2022,Guinea,Private,19629344.366666667,15.4
2023-2025 (projected),Guinea,Bilateral,319551261.8,53.0
2023-2025 (projected),Guinea,Multilateral,191915013.26666665,31.9
2023-2025 (projected),Guinea,Private,90985661.66666667,15.1
2010-2014,Guinea-Bissau,Bilateral,710392.74,11.5
2010-2014,Guinea-Bissau,Multilateral,4839137.5,78.4
2010-2014,Guinea-Bissau,Private,619000.0,10.0
2018-2022,Guinea-Bissau,Bilateral,3513436.44,11.0
2018-2022,Guinea-Bissau,Multilateral,22057231.580000002,68.8
2018-2022,Guinea-Bissau,Private,6471800.0,20.2
2023-2025 (projected),Guinea-Bissau,Bilateral,8803543.3,13.3
2023-2025 (projected),Guinea-Bissau,Multilateral,38159767.23333333,57.6
2023-2025 (projected),Guinea-Bissau,Private,19296000.0,29.1
2010-2014,Guyana,Bilateral,33136579.340000004,61.9
2010-2014,Guyana,Multilateral,20388327.54,38.1
2010-2014,Guyana,Private,12000.0,0.0
2018-2022,Guyana,Bilateral,32281603.4,41.0
2018-2022,Guyana,Multilateral,44654666.8,56.7
2018-2022,Guyana,Private,1799800.0,2.3
2023-2025 (projected),Guyana,Bilateral,51009494.333333336,38.0
2023-2025 (projected),Guyana,Multilateral,81006924.10000001,60.4
2023-2025 (projected),Guyana,Private,2105066.6666666665,1.6
2010-2014,Haiti,Bilateral,22704273.38,63.9
2010-2014,Haiti,Multilateral,10834322.78,30.5
2010-2014,Haiti,Private,1995800.0,5.6
2018-2022,Haiti,Bilateral,6692200.0,45.9
2018-2022,Haiti,Multilateral,4915307.4399999995,33.7
2018-2022,Haiti,Private,2968600.0,20.4
2023-2025 (projected),Haiti,Bilateral,144136113.4,91.9
2023-2025 (projected),Haiti,Multilateral,8406715.966666667,5.4
2023-2025 (projected),Haiti,Private,4229391.3,2.7
2010-2014,Honduras,Bilateral,31410855.28,18.4
2010-2014,Honduras,Multilateral,107743884.4,63.2
2010-2014,Honduras,Private,31218310.18,18.3
2018-2022,Honduras,Bilateral,59600230.46,8.6
2018-2022,Honduras,Multilateral,316809171.3,45.6
2018-2022,Honduras,Private,318090590.54,45.8
2023-2025 (projected),Honduras,Bilateral,97426307.06666666,10.2
2023-2025 (projected),Honduras,Multilateral,635568396.4666667,66.5
2023-2025 (projected),Honduras,Private,222852147.5666667,23.3
2010-2014,India,Bilateral,2092146433.2,22.6
2010-2014,India,Multilateral,2499076875.16,27.0
2010-2014,India,Private,4651915458.94,50.3
2018-2022,India,Bilateral,2298359348.6,11.5
2018-2022,India,Multilateral,5079117571.46,25.4
2018-2022,India,Private,12610014949.3,63.1
2023-2025 (projected),India,Bilateral,3071684265.2999997,10.4
2023-2025 (projected),India,Multilateral,9714092545.0,32.8
2023-2025 (projected),India,Private,16796279746.0,56.8
2010-2014,Indonesia,Bilateral,4250586240.4,30.1
2010-2014,Indonesia,Multilateral,2200759464.72,15.6
2010-2014,Indonesia,Private,7649908480.339999,54.2
2018-2022,Indonesia,Bilateral,3105673238.5199995,11.1
2018-2022,Indonesia,Multilateral,2981339497.42,10.6
2018-2022,Indonesia,Private,21985980395.760002,78.3
2023-2025 (projected),Indonesia,Bilateral,2328887958.0333333,8.2
2023-2025 (projected),Indonesia,Multilateral,4860849018.766666,17.2
2023-2025 (projected),Indonesia,Private,21092523752.766666,74.6
2010-2014,Iran,Bilateral,231081224.28000003,25.2
2010-2014,Iran,Multilateral,88753929.94000001,9.7
2010-2014,Iran,Private,597402371.8199999,65.1
2018-2022,Iran,Bilateral,21831394.72,20.3
2018-2022,Iran,Multilateral,65892364.5,61.3
2018-2022,Iran,Private,19813257.2,18.4
2023-2025 (projected),Iran,Bilateral,22405567.566666666,47.0
2023-2025 (projected),Iran,Multilateral,13454742.700000001,28.2
2023-2025 (projected),Iran,Private,11776230.633333333,24.7
2018-2022,Iraq,Bilateral,1761516167.7,62.9
2018-2022,Iraq,Multilateral,213111003.1,7.6
2018-2022,Iraq,Private,826882976.48,29.5
2023-2025 (projected),Iraq,Bilateral,1729180618.2666667,50.0
2023-2025 (projected),Iraq,Multilateral,616247748.9,17.8
2023-2025 (projected),Iraq,Private,1111685202.0666666,32.2
2010-2014,Jamaica,Bilateral,103473533.97999999,10.7
2010-2014,Jamaica,Multilateral,197509979.07999998,20.4
2010-2014,Jamaica,Private,666371764.4200001,68.9
2018-2022,Jamaica,Bilateral,115569586.8,9.3
2018-2022,Jamaica,Multilateral,268133332.1,21.6
2018-2022,Jamaica,Private,858163284.1,69.1
2023-2025 (projected),Jamaica,Bilateral,123063382.16666667,11.3
2023-2025 (projected),Jamaica,Multilateral,361953644.0333333,33.3
2023-2025 (projected),Jamaica,Private,603087222.2333332,55.4
2010-2014,Jordan,Bilateral,249306100.94,31.7
2010-2014,Jordan,Multilateral,455860964.4,57.9
2010-2014,Jordan,Private,81791281.17999999,10.4
2018-2022,Jordan,Bilateral,281051092.68,11.9
2018-2022,Jordan,Multilateral,478594543.3,20.3
2018-2022,Jordan,Private,1593791999.7,67.7
2023-2025 (projected),Jordan,Bilateral,294357627.3,15.3
2023-2025 (projected),Jordan,Multilateral,640683280.3333334,33.3
2023-2025 (projected),Jordan,Private,988354559.5666666,51.4
2010-2014,Kazakhstan,Bilateral,109064889.3,20.9
2010-2014,Kazakhstan,Multilateral,261497581.01999998,50.2
2010-2014,Kazakhstan,Private,150252333.33333334,28.8
2018-2022,Kazakhstan,Bilateral,178003761.5,8.5
2018-2022,Kazakhstan,Multilateral,829174562.2,39.7
2018-2022,Kazakhstan,Private,1080765819.3,51.8
2023-2025 (projected),Kazakhstan,Bilateral,322689326.0,8.8
2023-2025 (projected),Kazakhstan,Multilateral,1143048622.6000001,31.2
2023-2025 (projected),Kazakhstan,Private,2202293177.2999997,60.0
2010-2014,Kenya,Bilateral,236020288.42,40.8
2010-2014,Kenya,Multilateral,173348342.2,29.9
2010-2014,Kenya,Private,169427921.28,29.3
2018-2022,Kenya,Bilateral,826805994.3199999,30.0
2018-2022,Kenya,Multilateral,908244784.3,32.9
2018-2022,Kenya,Private,1024006489.4,37.1
2023-2025 (projected),Kenya,Bilateral,1640165659.1333334,38.0
2023-2025 (projected),Kenya,Multilateral,1351177763.6333334,31.3
2023-2025 (projected),Kenya,Private,1321038880.1333334,30.6
2010-2014,Kosovo,Bilateral,297948.1,1.1
2010-2014,Kosovo,Multilateral,26564000.0,98.5
2010-2014,Kosovo,Private,98347.3,0.4
2018-2022,Kosovo,Bilateral,9698145.540000001,24.7
2018-2022,Kosovo,Multilateral,29175435.439999998,74.2
2018-2022,Kosovo,Private,456834.52,1.2
2023-2025 (projected),Kosovo,Bilateral,5576955.8,4.7
2023-2025 (projected),Kosovo,Multilateral,109238977.96666665,92.9
2023-2025 (projected),Kosovo,Private,2821897.4333333336,2.4
2010-2014,Kyrgyz Republic,Bilateral,26552671.759999998,33.5
2010-2014,Kyrgyz Republic,Multilateral,52809091.08,66.5
2018-2022,Kyrgyz Republic,Bilateral,92854292.12,50.8
2018-2022,Kyrgyz Republic,Multilateral,90093224.36,49.2
2023-2025 (projected),Kyrgyz Republic,Bilateral,191641915.80000004,54.7
2023-2025 (projected),Kyrgyz Republic,Multilateral,158441040.93333337,45.3
2010-2014,Laos,Bilateral,70682247.44,43.8
2010-2014,Laos,Multilateral,87086269.26,53.9
2010-2014,Laos,Private,3701131.16,2.3
2018-2022,Laos,Bilateral,212282974.24,33.8
2018-2022,Laos,Multilateral,103694429.76,16.5
2018-2022,Laos,Private,311384182.71999997,49.6
2023-2025 (projected),Laos,Bilateral,1020110913.5333333,66.4
2023-2025 (projected),Laos,Multilateral,146566915.66666666,9.5
2023-2025 (projected),Laos,Private,368558181.1000001,24.0
2010-2014,Lebanon,Bilateral,179479290.5,4.4
2010-2014,Lebanon,Multilateral,239563897.5,5.9
2010-2014,Lebanon,Private,3632328124.44,89.7
2018-2022,Lebanon,Bilateral,100031697.5,4.7
2018-2022,Lebanon,Multilateral,138784327.74,6.6
2018-2022,Lebanon,Private,1870036808.0,88.7
2023-2025 (projected),Lebanon,Bilateral,80984341.8,2.3
2023-2025 (projected),Lebanon,Multilateral,317779778.6666667,8.9
2023-2025 (projected),Lebanon,Private,3157585511.933333,88.8
2010-2014,Lesotho,Bilateral,5149963.040000001,14.7
2010-2014,Lesotho,Multilateral,27931626.76,79.5
2010-2014,Lesotho,Private,2061310.28,5.9
2018-2022,Lesotho,Bilateral,11892892.92,7.8
2018-2022,Lesotho,Multilateral,139530689.84,91.9
2018-2022,Lesotho,Private,395931.94,0.3
2023-2025 (projected),Lesotho,Bilateral,36758225.96666667,38.2
2023-2025 (projected),Lesotho,Multilateral,59114389.166666664,61.4
2023-2025 (projected),Lesotho,Private,405104.8333333333,0.4
2010-2014,Liberia,Bilateral,1497758.075,22.2
2010-2014,Liberia,Multilateral,5254034.32,77.8
2018-2022,Liberia,Bilateral,4646980.58,23.2
2018-2022,Liberia,Multilateral,15379440.739999998,76.8
2023-2025 (projected),Liberia,Bilateral,15710357.866666667,23.1
2023-2025 (projected),Liberia,Multilateral,52186880.43333334,76.9
2010-2014,Madagascar,Bilateral,25188880.44,43.9
2010-2014,Madagascar,Multilateral,32197141.48,56.1
2010-2014,Madagascar,Private,39533.075,0.1
2018-2022,Madagascar,Bilateral,27154914.4,24.0
2018-2022,Madagascar,Multilateral,68699216.64,60.6
2018-2022,Madagascar,Private,17467450.619999997,15.4
2023-2025 (projected),Madagascar,Bilateral,73795269.93333334,21.8
2023-2025 (projected),Madagascar,Multilateral,201314467.33333334,59.4
2023-2025 (projected),Madagascar,Private,63532404.06666667,18.8
2010-2014,Malawi,Bilateral,9066986.86,31.3
2010-2014,Malawi,Multilateral,18754825.759999998,64.8
2010-2014,Malawi,Private,1124191.5666666667,3.9
2018-2022,Malawi,Bilateral,36428555.22,46.8
2018-2022,Malawi,Multilateral,41395029.22,53.2
2023-2025 (projected),Malawi,Bilateral,42616378.4,29.6
2023-2025 (projected),Malawi,Multilateral,101196701.8,70.4
2010-2014,Maldives,Bilateral,48123122.64,54.0
2010-2014,Maldives,Multilateral,18894574.02,21.2
2010-2014,Maldives,Private,22027622.54,24.7
2018-2022,Maldives,Bilateral,203125049.62,42.1
2018-2022,Maldives,Multilateral,131195602.17999999,27.2
2018-2022,Maldives,Private,147592858.38,30.6
2023-2025 (projected),Maldives,Bilateral,220698518.5,42.9
2023-2025 (projected),Maldives,Multilateral,100811637.89999999,19.6
2023-2025 (projected),Maldives,Private,192553632.4,37.5
2010-2014,Mali,Bilateral,26836485.78,33.5
2010-2014,Mali,Multilateral,51991139.239999995,65.0
2010-2014,Mali,Private,1213513.46,1.5
2018-2022,Mali,Bilateral,90639787.84,39.8
2018-2022,Mali,Multilateral,137241167.07999998,60.2
2018-2022,Mali,Private,110025.15,0.0
2023-2025 (projected),Mali,Bilateral,180793971.96666667,44.4
2023-2025 (projected),Mali,Multilateral,226444031.53333333,55.6
2010-2014,Mauritania,Bilateral,41583317.260000005,25.7
2010-2014,Mauritania,Multilateral,113769925.96,70.3
2010-2014,Mauritania,Private,6487558.399999999,4.0
2018-2022,Mauritania,Bilateral,115343533.32000001,33.8
2018-2022,Mauritania,Multilateral,225771786.8,66.2
2023-2025 (projected),Mauritania,Bilateral,246996606.29999998,47.2
2023-2025 (projected),Mauritania,Multilateral,276426454.8333333,52.8
2010-2014,Mauritius,Bilateral,41696212.019999996,42.7
2010-2014,Mauritius,Multilateral,36872747.78,37.8
2010-2014,Mauritius,Private,18968719.380000003,19.4
2018-2022,Mauritius,Bilateral,101121072.86,45.9
2018-2022,Mauritius,Multilateral,104187038.9,47.3
2018-2022,Mauritius,Private,15092220.580000002,6.8
2023-2025 (projected),Mauritius,Bilateral,122276319.23333333,20.2
2023-2025 (projected),Mauritius,Multilateral,73343377.93333334,12.1
2023-2025 (projected),Mauritius,Private,408830717.3333333,67.6
2010-2014,Mexico,Bilateral,592841114.28,2.5
2010-2014,Mexico,Multilateral,1537991301.84,6.5
2010-2014,Mexico,Private,21561564342.94,91.0
2018-2022,Mexico,Bilateral,494810054.64,1.3
2018-2022,Mexico,Multilateral,2300901400.0,6.0
2018-2022,Mexico,Private,35553659912.159996,92.7
2023-2025 (projected),Mexico,Bilateral,267415024.9,0.8
2023-2025 (projected),Mexico,Multilateral,4558188353.3,14.1
2023-2025 (projected),Mexico,Private,27601802971.733334,85.1
2010-2014,Moldova,Bilateral,31654909.72,37.8
2010-2014,Moldova,Multilateral,38512899.08,45.9
2010-2014,Moldova,Private,13648155.3,16.3
2018-2022,Moldova,Bilateral,50910139.95999999,37.8
2018-2022,Moldova,Multilateral,81945718.03999999,60.9
2018-2022,Moldova,Private,1793401.0,1.3
2023-2025 (projected),Moldova,Bilateral,9767554.766666666,3.0
2023-2025 (projected),Moldova,Multilateral,310028757.09999996,96.3
2023-2025 (projected),Moldova,Private,2067612.2666666666,0.6
2010-2014,Mongolia,Bilateral,43613715.739999995,36.3
2010-2014,Mongolia,Multilateral,37013753.46,30.8
2010-2014,Mongolia,Private,39364460.62,32.8
2018-2022,Mongolia,Bilateral,79571946.94000001,7.7
2018-2022,Mongolia,Multilateral,119534075.38,11.6
2018-2022,Mongolia,Private,835713331.26,80.8
2023-2025 (projected),Mongolia,Bilateral,908722161.0999999,52.6
2023-2025 (projected),Mongolia,Multilateral,322241960.63333327,18.7
2023-2025 (projected),Mongolia,Private,495534238.5,28.7
2010-2014,Montenegro,Bilateral,35618332.42,15.3
2010-2014,Montenegro,Multilateral,49592909.160000004,21.3
2010-2014,Montenegro,Private,148103176.76,63.5
2018-2022,Montenegro,Bilateral,80542650.75999999,13.6
2018-2022,Montenegro,Multilateral,99552182.12,16.8
2018-2022,Montenegro,Private,412551389.02,69.6
2023-2025 (projected),Montenegro,Bilateral,167574398.13333333,34.4
2023-2025 (projected),Montenegro,Multilateral,99342996.56666666,20.4
2023-2025 (projected),Montenegro,Private,219681854.4333333,45.1
2010-2014,Morocco,Bilateral,825686342.62,33.6
2010-2014,Morocco,Multilateral,1207124825.04,49.1
2010-2014,Morocco,Private,426780119.26,17.4
2018-2022,Morocco,Bilateral,984613899.3,25.1
2018-2022,Morocco,Multilateral,1483957727.8799999,37.8
2018-2022,Morocco,Private,1452175921.98,37.0
2023-2025 (projected),Morocco,Bilateral,1453358522.7666667,25.8
2023-2025 (projected),Morocco,Multilateral,2444302320.0666666,43.4
2023-2025 (projected),Morocco,Private,1736334717.0333335,30.8
2010-2014,Mozambique,Bilateral,41947630.06,25.3
2010-2014,Mozambique,Multilateral,61193800.339999996,36.9
2010-2014,Mozambique,Private,62814049.92,37.8
2018-2022,Mozambique,Bilateral,230992032.01999998,39.4
2018-2022,Mozambique,Multilateral,120948708.35999998,20.6
2018-2022,Mozambique,Private,234840702.42,40.0
2023-2025 (projected),Mozambique,Bilateral,465351661.76666665,57.4
2023-2025 (projected),Mozambique,Multilateral,210926351.83333334,26.0
2023-2025 (projected),Mozambique,Private,134415975.43333334,16.6
2010-2014,Myanmar,Bilateral,633827483.9399999,67.6
2010-2014,Myanmar,Multilateral,218128362.34,23.3
2010-2014,Myanmar,Private,85953804.32000001,9.2
2018-2022,Myanmar,Bilateral,360179142.84000003,49.4
2018-2022,Myanmar,Multilateral,74995135.8,10.3
2018-2022,Myanmar,Private,294426869.82,40.4
2023-2025 (projected),Myanmar,Bilateral,572213706.6999999,55.9
2023-2025 (projected),Myanmar,Multilateral,150678287.56666666,14.7
2023-2025 (projected),Myanmar,Private,300688664.53333336,29.4
2010-2014,Nepal,Bilateral,37859911.8,19.2
2010-2014,Nepal,Multilateral,158494773.3,80.5
2010-2014,Nepal,Private,570047.7,0.3
2018-2022,Nepal,Bilateral,39107108.339999996,15.0
2018-2022,Nepal,Multilateral,221846694.6,85.0
2018-2022,Nepal,Private,14395.949999999999,0.0
2023-2025 (projected),Nepal,Bilateral,147623208.33333334,29.8
2023-2025 (projected),Nepal,Multilateral,347034024.76666665,70.2
2010-2014,Nicaragua,Bilateral,31533912.02,31.6
2010-2014,Nicaragua,Multilateral,67396994.53999999,67.5
2010-2014,Nicaragua,Private,905792.9400000001,0.9
2018-2022,Nicaragua,Bilateral,47058112.64,14.1
2018-2022,Nicaragua,Multilateral,284118028.41999996,85.1
2018-2022,Nicaragua,Private,2559221.1799999997,0.8
2023-2025 (projected),Nicaragua,Bilateral,40615170.23333334,5.7
2023-2025 (projected),Nicaragua,Multilateral,669873395.3000001,94.2
2023-2025 (projected),Nicaragua,Private,851866.3666666667,0.1
2010-2014,Niger,Bilateral,20721527.24,42.2
2010-2014,Niger,Multilateral,28324665.660000004,57.8
2018-2022,Niger,Bilateral,53393835.46,30.1
2018-2022,Niger,Multilateral,112436917.32000001,63.4
2018-2022,Niger,Private,11405028.333333334,6.4
2023-2025 (projected),Niger,Bilateral,76478529.26666667,22.0
2023-2025 (projected),Niger,Multilateral,244617482.76666665,70.5
2023-2025 (projected),Niger,Private,26052629.433333334,7.5
2010-2014,Nigeria,Bilateral,96400489.46,30.8
2010-2014,Nigeria,Multilateral,177576282.54000002,56.6
2010-2014,Nigeria,Private,39489200.0,12.6
2018-2022,Nigeria,Bilateral,260510000.04000002,13.1
2018-2022,Nigeria,Multilateral,447429713.02,22.5
2018-2022,Nigeria,Private,1282721725.48,64.4
2023-2025 (projected),Nigeria,Bilateral,567873124.4666667,14.3
2023-2025 (projected),Nigeria,Multilateral,1096879026.7666667,27.7
2023-2025 (projected),Nigeria,Private,2299283329.866667,58.0
2010-2014,North Macedonia,Bilateral,26397680.279999997,9.8
2010-2014,North Macedonia,Multilateral,129895966.25999999,48.3
2010-2014,North Macedonia,Private,112528270.34,41.9
2018-2022,North Macedonia,Bilateral,55756315.54000001,9.7
2018-2022,North Macedonia,Multilateral,166403675.62,28.8
2018-2022,North Macedonia,Private,355214147.58000004,61.5
2023-2025 (projected),North Macedonia,Bilateral,95067930.2,8.8
2023-2025 (projected),North Macedonia,Multilateral,298142436.1333334,27.6
2023-2025 (projected),North Macedonia,Private,686081866.3666667,63.6
2010-2014,Pakistan,Bilateral,808108214.2,32.9
2010-2014,Pakistan,Multilateral,1382817710.8799999,56.3
2010-2014,Pakistan,Private,263864400.0,10.7
2018-2022,Pakistan,Bilateral,2886237620.96,31.9
2018-2022,Pakistan,Multilateral,2341117074.32,25.9
2018-2022,Pakistan,Private,3826277908.1,42.3
2023-2025 (projected),Pakistan,Bilateral,6582307957.066667,55.7
2023-2025 (projected),Pakistan,Multilateral,3554110137.2333336,30.1
2023-2025 (projected),Pakistan,Private,1673737333.3333333,14.2
2010-2014,Papua New Guinea,Bilateral,31357102.919999998,33.7
2010-2014,Papua New Guinea,Multilateral,54090326.1,58.1
2010-2014,Papua New Guinea,Private,7670220.12,8.2
2018-2022,Papua New Guinea,Bilateral,130013128.66,24.9
2018-2022,Papua New Guinea,Multilateral,119127285.02000001,22.8
2018-2022,Papua New Guinea,Private,273767347.34000003,52.4
2023-2025 (projected),Papua New Guinea,Bilateral,278587379.3666666,42.7
2023-2025 (projected),Papua New Guinea,Multilateral,317543165.3,48.7
2023-2025 (projected),Papua New Guinea,Private,56138530.666666664,8.6
2010-2014,Paraguay,Bilateral,67570314.26,23.2
2010-2014,Paraguay,Multilateral,179802546.62,61.9
2010-2014,Paraguay,Private,43276480.0,14.9
2018-2022,Paraguay,Bilateral,41998648.9,6.0
2018-2022,Paraguay,Multilateral,283778282.2,40.6
2018-2022,Paraguay,Private,373495600.0,53.4
2023-2025 (projected),Paraguay,Bilateral,31473005.966666665,2.4
2023-2025 (projected),Paraguay,Multilateral,904591216.9,67.6
2023-2025 (projected),Paraguay,Private,403059428.5333333,30.1
2010-2014,Peru,Bilateral,507295992.52,17.5
2010-2014,Peru,Multilateral,1351139861.2800002,46.7
2010-2014,Peru,Private,1037531466.22,35.8
2018-2022,Peru,Bilateral,134945174.23999998,7.1
2018-2022,Peru,Multilateral,650638511.54,34.0
2018-2022,Peru,Private,1126051885.8,58.9
2023-2025 (projected),Peru,Bilateral,149448739.36666667,4.8
2023-2025 (projected),Peru,Multilateral,1126237500.8666666,36.3
2023-2025 (projected),Peru,Private,1823714638.2,58.8
2010-2014,Philippines,Bilateral,1346424381.1,20.0
2010-2014,Philippines,Multilateral,932052879.14,13.9
2010-2014,Philippines,Private,4444187502.64,66.1
2018-2022,Philippines,Bilateral,684385989.76,11.4
2018-2022,Philippines,Multilateral,1042444685.0599998,17.3
2018-2022,Philippines,Private,4297920459.58,71.3
2023-2025 (projected),Philippines,Bilateral,722437117.6666666,12.0
2023-2025 (projected),Philippines,Multilateral,3052504124.566667,50.8
2023-2025 (projected),Philippines,Private,2235172632.9333334,37.2
2010-2014,Russia,Bilateral,670570884.7,2.3
2010-2014,Russia,Multilateral,648439905.3,2.2
2010-2014,Russia,Private,27785035587.559998,95.5
2018-2022,Russia,Bilateral,92893182.8,0.2
2018-2022,Russia,Multilateral,144771294.84,0.3
2018-2022,Russia,Private,48204200142.4,99.5
2023-2025 (projected),Russia,Bilateral,250665222.26666665,1.0
2023-2025 (projected),Russia,Multilateral,3305156.966666667,0.0
2023-2025 (projected),Russia,Private,23860915232.36667,98.9
2010-2014,Rwanda,Bilateral,4782122.7,11.7
2010-2014,Rwanda,Multilateral,15767007.2,38.7
2010-2014,Rwanda,Private,20175000.0,49.5
2018-2022,Rwanda,Bilateral,29122306.160000004,16.0
2018-2022,Rwanda,Multilateral,56090209.220000006,30.9
2018-2022,Rwanda,Private,96457200.0,53.1
2023-2025 (projected),Rwanda,Bilateral,53923482.666666664,19.1
2023-2025 (projected),Rwanda,Multilateral,160617789.79999998,56.8
2023-2025 (projected),Rwanda,Private,68013000.0,24.1
2010-2014,Samoa,Bilateral,3916633.0200000005,28.1
2010-2014,Samoa,Multilateral,10021737.66,71.9
2018-2022,Samoa,Bilateral,12091247.36,48.5
2018-2022,Samoa,Multilateral,12846596.6,51.5
2023-2025 (projected),Samoa,Bilateral,20678930.3,63.2
2023-2025 (projected),Samoa,Multilateral,12050049.866666667,36.8
2010-2014,Sao Tome and Principe,Bilateral,7974479.233333334,83.0
2010-2014,Sao Tome and Principe,Multilateral,1634411.8800000001,17.0
2018-2022,Sao Tome and Principe,Bilateral,1439294.9,29.7
2018-2022,Sao Tome and Principe,Multilateral,3410284.34,70.3
2023-2025 (projected),Sao Tome and Principe,Bilateral,7617045.333333333,50.8
2023-2025 (projected),Sao Tome and Principe,Multilateral,4955828.233333333,33.1
2023-2025 (projected),Sao Tome and Principe,Private,2418880.9666666663,16.1
2010-2014,Senegal,Bilateral,101457773.9,46.0
2010-2014,Senegal,Multilateral,76326478.5,34.6
2010-2014,Senegal,Private,42823733.839999996,19.4
2018-2022,Senegal,Bilateral,270123803.38,29.0
2018-2022,Senegal,Multilateral,222961281.34,23.9
2018-2022,Senegal,Private,439596717.28000003,47.1
2023-2025 (projected),Senegal,Bilateral,472086884.79999995,27.9
2023-2025 (projected),Senegal,Multilateral,605806559.2333333,35.8
2023-2025 (projected),Senegal,Private,612862204.2333333,36.2
2010-2014,Serbia,Bilateral,258806264.0,22.2
2010-2014,Serbia,Multilateral,457606652.66,39.3
2010-2014,Serbia,Private,449253667.53999996,38.5
2018-2022,Serbia,Bilateral,658437138.62,26.1
2018-2022,Serbia,Multilateral,695202606.28,27.5
2018-2022,Serbia,Private,1173256632.9199998,46.4
2023-2025 (projected),Serbia,Bilateral,890898796.5,45.0
2023-2025 (projected),Serbia,Multilateral,780476394.9333334,39.4
2023-2025 (projected),Serbia,Private,309316432.93333334,15.6
2010-2014,Sierra Leone,Bilateral,4027856.5200000005,27.0
2010-2014,Sierra Leone,Multilateral,10905579.8,73.0
2018-2022,Sierra Leone,Bilateral,11551450.52,22.4
2018-2022,Sierra Leone,Multilateral,32991926.98,63.9
2018-2022,Sierra Leone,Private,7127500.0,13.8
2023-2025 (projected),Sierra Leone,Bilateral,23331593.566666666,31.8
2023-2025 (projected),Sierra Leone,Multilateral,50119068.46666667,68.2
2010-2014,Solomon Islands,Bilateral,2256320.3,26.5
2010-2014,Solomon Islands,Multilateral,6140269.8,72.1
2010-2014,Solomon Islands,Private,124425.70000000001,1.5
2018-2022,Solomon Islands,Bilateral,1393283.3599999999,22.4
2018-2022,Solomon Islands,Multilateral,4813402.9399999995,77.6
2023-2025 (projected),Solomon Islands,Bilateral,1421077.3333333333,18.1
2023-2025 (projected),Solomon Islands,Multilateral,6418800.7,81.9
2018-2022,Somalia,Multilateral,170958745.1,100.0
2023-2025 (projected),Somalia,Bilateral,39799148.43333333,72.4
2023-2025 (projected),Somalia,Multilateral,15157111.200000001,27.6
2010-2014,South Africa,Bilateral,6070451.24,0.1
2010-2014,South Africa,Multilateral,97435180.4,1.9
2010-2014,South Africa,Private,5066821226.5,98.0
2018-2022,South Africa,Bilateral,134821444.78,1.1
2018-2022,South Africa,Multilateral,637758381.14,5.4
2018-2022,South Africa,Private,11050990463.36,93.5
2023-2025 (projected),South Africa,Bilateral,421252358.40000004,4.9
2023-2025 (projected),South Africa,Multilateral,704413696.6666666,8.3
2023-2025 (projected),South Africa,Private,7391396069.0,86.8
2010-2014,South Asia,Bilateral,8192940431.08,27.1
2010-2014,South Asia,Multilateral,10429128403.960001,34.5
2010-2014,South Asia,Private,11644954822.76,38.5
2018-2022,South Asia,Bilateral,13980797502.64,19.3
2018-2022,South Asia,Multilateral,19604849292.079998,27.1
2018-2022,South Asia,Private,38889885620.240005,53.7
2023-2025 (projected),South Asia,Bilateral,29866174611.066666,27.2
2023-2025 (projected),South Asia,Multilateral,35433532961.53333,32.2
2023-2025 (projected),South Asia,Private,44587199052.799995,40.6
2010-2014,Sri Lanka,Bilateral,614049128.96,35.4
2010-2014,Sri Lanka,Multilateral,282223935.65999997,16.3
2010-2014,Sri Lanka,Private,839200545.6,48.4
2018-2022,Sri Lanka,Bilateral,989403530.18,24.8
2018-2022,Sri Lanka,Multilateral,573877263.02,14.4
2018-2022,Sri Lanka,Private,2419951462.18,60.8
2023-2025 (projected),Sri Lanka,Bilateral,2373487220.5,37.4
2023-2025 (projected),Sri Lanka,Multilateral,1028121080.0666666,16.2
2023-2025 (projected),Sri Lanka,Private,2944760979.1,46.4
2010-2014,St. Lucia,Bilateral,3216816.46,8.1
2010-2014,St. Lucia,Multilateral,21257919.06,53.8
2010-2014,St. Lucia,Private,15069449.959999999,38.1
2018-2022,St. Lucia,Bilateral,5528992.5600000005,12.3
2018-2022,St. Lucia,Multilateral,20891728.919999998,46.5
2018-2022,St. Lucia,Private,18512785.18,41.2
2023-2025 (projected),St. Lucia,Bilateral,13856478.866666665,33.2
2023-2025 (projected),St. Lucia,Multilateral,27651190.099999998,66.3
2023-2025 (projected),St. Lucia,Private,218518.5,0.5
2010-2014,St. Vincent and the Grenadines,Bilateral,3102322.6399999997,9.1
2010-2014,St. Vincent and the Grenadines,Multilateral,17877869.919999998,52.5
2010-2014,St. Vincent and the Grenadines,Private,13092331.5,38.4
2018-2022,St. Vincent and the Grenadines,Bilateral,4545139.6,13.3
2018-2022,St. Vincent and the Grenadines,Multilateral,25522278.14,75.0
2018-2022,St. Vincent and the Grenadines,Private,3978659.2,11.7
2023-2025 (projected),St. Vincent and the Grenadines,Bilateral,8388449.233333333,18.1
2023-2025 (projected),St. Vincent and the Grenadines,Multilateral,36473125.666666664,78.6
2023-2025 (projected),St. Vincent and the Grenadines,Private,1513392.7333333334,3.3
2010-2014,Sudan,Bilateral,269483838.94,71.2
2010-2014,Sudan,Multilateral,109216651.88,28.8
2018-2022,Sudan,Bilateral,119725822.24000001,25.1
2018-2022,Sudan,Multilateral,357364450.18,74.9
2023-2025 (projected),Sudan,Bilateral,181142060.5666667,39.8
2023-2025 (projected),Sudan,Multilateral,274513847.6666667,60.2
2018-2022,Suriname,Bilateral,18034528.880000003,13.1
2018-2022,Suriname,Multilateral,70725386.42,51.4
2018-2022,Suriname,Private,48966320.375,35.6
2023-2025 (projected),Suriname,Bilateral,85694414.73333333,28.6
2023-2025 (projected),Suriname,Multilateral,117455469.06666666,39.2
2023-2025 (projected),Suriname,Private,96161622.0,32.1
2010-2014,Syria,Bilateral,409464188.8,66.1
2010-2014,Syria,Multilateral,207276875.1,33.5
2010-2014,Syria,Private,2648715.5,0.4
2018-2022,Syria,Bilateral,13067555.4,69.2
2018-2022,Syria,Multilateral,5043365.4,26.7
2018-2022,Syria,Private,776540.7000000001,4.1
2023-2025 (projected),Syria,Bilateral,33136752.566666666,42.5
2023-2025 (projected),Syria,Multilateral,44000319.06666667,56.4
2023-2025 (projected),Syria,Private,863412.7000000001,1.1
2010-2014,Tajikistan,Bilateral,55280030.56,56.6
2010-2014,Tajikistan,Multilateral,41969708.279999994,43.0
2010-2014,Tajikistan,Private,387279.14,0.4
2018-2022,Tajikistan,Bilateral,93370578.66,44.2
2018-2022,Tajikistan,Multilateral,82429703.86,39.0
2018-2022,Tajikistan,Private,35544604.5,16.8
2023-2025 (projected),Tajikistan,Bilateral,130509329.66666667,34.4
2023-2025 (projected),Tajikistan,Multilateral,158221402.20000002,41.8
2023-2025 (projected),Tajikistan,Private,90221886.89999999,23.8
2010-2014,Tanzania,Bilateral,15368811.48,11.7
2010-2014,Tanzania,Multilateral,63836239.45999999,48.6
2010-2014,Tanzania,Private,52277414.7,39.8
2018-2022,Tanzania,Bilateral,338991887.56,26.7
2018-2022,Tanzania,Multilateral,232642082.92,18.3
2018-2022,Tanzania,Private,696945968.3399999,54.9
2023-2025 (projected),Tanzania,Bilateral,422715256.13333327,25.5
2023-2025 (projected),Tanzania,Multilateral,562325438.6,33.9
2023-2025 (projected),Tanzania,Private,672956178.0,40.6
2010-2014,Thailand,Bilateral,690388804.22,43.4
2010-2014,Thailand,Multilateral,43542789.4,2.7
2010-2014,Thailand,Private,856522274.64,53.9
2018-2022,Thailand,Bilateral,547259384.9399999,19.9
2018-2022,Thailand,Multilateral,134097000.0,4.9
2018-2022,Thailand,Private,2063638047.56,75.2
2023-2025 (projected),Thailand,Bilateral,250097403.0,8.8
2023-2025 (projected),Thailand,Multilateral,582779809.5,20.5
2023-2025 (projected),Thailand,Private,2015810666.6666667,70.8
2010-2014,Timor-Leste,Multilateral,111500.0,100.0
2018-2022,Timor-Leste,Bilateral,180036.4,2.1
2018-2022,Timor-Leste,Multilateral,8401600.0,97.9
2023-2025 (projected),Timor-Leste,Bilateral,3008460.8000000003,9.0
2023-2025 (projected),Timor-Leste,Multilateral,30498316.5,91.0
2010-2014,Togo,Bilateral,11167774.2,27.1
2010-2014,Togo,Multilateral,18058772.919999998,43.8
2010-2014,Togo,Private,11956598.25,29.0
2018-2022,Togo,Bilateral,40819357.6,37.9
2018-2022,Togo,Multilateral,49171322.06,45.6
2018-2022,Togo,Private,17743728.64,16.5
2023-2025 (projected),Togo,Bilateral,89902549.39999999,40.0
2023-2025 (projected),Togo,Multilateral,100257473.93333332,44.6
2023-2025 (projected),Togo,Private,34704306.9,15.4
2010-2014,Tonga,Bilateral,2650239.08,43.4
2010-2014,Tonga,Multilateral,3186776.2800000003,52.2
2010-2014,Tonga,Private,264422.92000000004,4.3
2018-2022,Tonga,Bilateral,3895646.1799999997,53.4
2018-2022,Tonga,Multilateral,3398604.4,46.6
2023-2025 (projected),Tonga,Bilateral,17362397.866666663,81.8
2023-2025 (projected),Tonga,Multilateral,3855149.0,18.2
2010-2014,Tunisia,Bilateral,370281354.56,18.4
2010-2014,Tunisia,Multilateral,890403177.3399999,44.2
2010-2014,Tunisia,Private,754238947.48,37.4
2018-2022,Tunisia,Bilateral,543943240.46,20.7
2018-2022,Tunisia,Multilateral,1082237617.92,41.2
2018-2022,Tunisia,Private,997630616.9399999,38.0
2023-2025 (projected),Tunisia,Bilateral,885125792.5,25.5
2023-2025 (projected),Tunisia,Multilateral,1330274603.9666667,38.3
2023-2025 (projected),Tunisia,Private,1259593404.2666667,36.2
2010-2014,Turkmenistan,Bilateral,528839076.8,94.9
2010-2014,Turkmenistan,Multilateral,13034332.42,2.3
2010-2014,Turkmenistan,Private,15606000.0,2.8
2018-2022,Turkmenistan,Bilateral,1589536862.7,90.8
2018-2022,Turkmenistan,Multilateral,45821819.72,2.6
2018-2022,Turkmenistan,Private,116166495.82000001,6.6
2023-2025 (projected),Turkmenistan,Bilateral,616233915.5666667,64.9
2023-2025 (projected),Turkmenistan,Multilateral,164858910.86666667,17.4
2023-2025 (projected),Turkmenistan,Private,168759959.46666667,17.8
2010-2014,Trkiye,Bilateral,660249702.36,6.1
2010-2014,Trkiye,Multilateral,1757895520.6799998,16.3
2010-2014,Trkiye,Private,8356239132.7,77.6
2018-2022,Trkiye,Bilateral,1592855735.3400002,8.3
2018-2022,Trkiye,Multilateral,2856789067.5,14.9
2018-2022,Trkiye,Private,14725460445.26,76.8
2023-2025 (projected),Trkiye,Bilateral,1628246896.2333333,6.7
2023-2025 (projected),Trkiye,Multilateral,3601934777.5333333,14.9
2023-2025 (projected),Trkiye,Private,18943314705.033333,78.4
2010-2014,Uganda,Bilateral,18208141.939999998,24.9
2010-2014,Uganda,Multilateral,54582124.54,74.8
2010-2014,Uganda,Private,207582.0,0.3
2018-2022,Uganda,Bilateral,206086846.45999998,46.1
2018-2022,Uganda,Multilateral,212099050.34,47.5
2018-2022,Uganda,Private,28507310.02,6.4
2023-2025 (projected),Uganda,Bilateral,473739593.8999999,40.7
2023-2025 (projected),Uganda,Multilateral,600986858.6,51.7
2023-2025 (projected),Uganda,Private,88671107.3,7.6
2010-2014,Ukraine,Bilateral,199897200.62,5.1
2010-2014,Ukraine,Multilateral,1580558687.04,40.5
2010-2014,Ukraine,Private,2126272210.1599998,54.4
2018-2022,Ukraine,Bilateral,205868784.6,4.2
2018-2022,Ukraine,Multilateral,1264676933.08,26.0
2018-2022,Ukraine,Private,3384550662.58,69.7
2023-2025 (projected),Ukraine,Bilateral,275375846.70000005,4.2
2023-2025 (projected),Ukraine,Multilateral,2137710945.3333333,32.4
2023-2025 (projected),Ukraine,Private,4194033663.6666665,63.5
2010-2014,Uzbekistan,Bilateral,180928706.12,47.9
2010-2014,Uzbekistan,Multilateral,122126956.75999999,32.3
2010-2014,Uzbekistan,Private,74973698.28,19.8
2018-2022,Uzbekistan,Bilateral,301561063.96,34.4
2018-2022,Uzbekistan,Multilateral,400157271.4,45.7
2018-2022,Uzbekistan,Private,174177523.32,19.9
2023-2025 (projected),Uzbekistan,Bilateral,622819291.9666667,23.9
2023-2025 (projected),Uzbekistan,Multilateral,1355454836.0666666,52.1
2023-2025 (projected),Uzbekistan,Private,624632536.9666667,24.0
2010-2014,Vanuatu,Bilateral,2109784.18,37.4
2010-2014,Vanuatu,Multilateral,3527053.1799999997,62.6
2018-2022,Vanuatu,Bilateral,11246652.879999999,73.1
2018-2022,Vanuatu,Multilateral,4146200.0,26.9
2023-2025 (projected),Vanuatu,Bilateral,16884411.0,74.3
2023-2025 (projected),Vanuatu,Multilateral,5830811.3,25.7
2010-2014,Vietnam,Bilateral,1070672072.9,44.4
2010-2014,Vietnam,Multilateral,469254497.0,19.4
2010-2014,Vietnam,Private,872746563.4399999,36.2
2018-2022,Vietnam,Bilateral,1947271948.1200001,43.1
2018-2022,Vietnam,Multilateral,1304275232.04,28.9
2018-2022,Vietnam,Private,1268520632.24,28.1
2023-2025 (projected),Vietnam,Bilateral,2182720264.633333,39.4
2023-2025 (projected),Vietnam,Multilateral,2067767605.7,37.4
2023-2025 (projected),Vietnam,Private,1282794424.1000001,23.2
2010-2014,Yemen,Bilateral,93657416.14,34.3
2010-2014,Yemen,Multilateral,178155989.28,65.3
2010-2014,Yemen,Private,900588.3,0.3
2018-2022,Yemen,Bilateral,176000.0,0.2
2018-2022,Yemen,Multilateral,86562600.0,99.8
2023-2025 (projected),Yemen,Bilateral,233813381.86666664,46.1
2023-2025 (projected),Yemen,Multilateral,273303324.53333336,53.9
2010-2014,Zambia,Bilateral,93120162.94,59.4
2010-2014,Zambia,Multilateral,31679606.8,20.2
2010-2014,Zambia,Private,31903000.0,20.4
2018-2022,Zambia,Bilateral,184738481.6,26.5
2018-2022,Zambia,Multilateral,88150612.74,12.6
2018-2022,Zambia,Private,424467784.9,60.9
2023-2025 (projected),Zambia,Bilateral,866460102.4333334,36.0
2023-2025 (projected),Zambia,Multilateral,347025349.6333333,14.4
2023-2025 (projected),Zambia,Private,1196367008.1000001,49.6
2010-2014,Zimbabwe,Bilateral,49180847.84,73.0
2010-2014,Zimbabwe,Multilateral,15333440.15,22.8
2010-2014,Zimbabwe,Private,2885089.6,4.3
2018-2022,Zimbabwe,Bilateral,43141370.1,62.9
2018-2022,Zimbabwe,Multilateral,20812304.259999998,30.3
2018-2022,Zimbabwe,Private,4666400.0,6.8
2023-2025 (projected),Zimbabwe,Bilateral,142319188.73333332,82.1
2023-2025 (projected),Zimbabwe,Multilateral,30787376.099999998,17.8
2023-2025 (projected),Zimbabwe,Private,184500.0,0.1
